"Predictor","Year","Coefficient","R_squared","P_value","Significant"
"Degree",2019,0.817637837798609,0.668531633799985,"9.9990e-05","YES"
"Degree",2025,0.766816730706136,0.588007898490846,"9.9990e-05","YES"
"Closeness",2019,0.911885711037381,0.83153554999415,"9.9990e-05","YES"
"Closeness",2025,0.87409658898946,0.764044846883009,"9.9990e-05","YES"
"N.Lines",2019,0.813423337369462,0.661657525777273,"9.9990e-05","YES"
"N.Lines",2025,0.919410068073531,0.845314873274975,"9.9990e-05","YES"
